{
  "hash": "f433f3db",
  "configHash": "e325596d",
  "lockfileHash": "6d493f5f",
  "browserHash": "5ca3b5ca",
  "optimized": {
    "@angular/core": {
      "src": "../../../../../../node_modules/@angular/core/fesm2022/core.mjs",
      "file": "@angular_core.js",
      "fileHash": "4f452005",
      "needsInterop": false
    },
    "@angular/platform-browser": {
      "src": "../../../../../../node_modules/@angular/platform-browser/fesm2022/platform-browser.mjs",
      "file": "@angular_platform-browser.js",
      "fileHash": "e5af342a",
      "needsInterop": false
    },
    "@angular/router": {
      "src": "../../../../../../node_modules/@angular/router/fesm2022/router.mjs",
      "file": "@angular_router.js",
      "fileHash": "82517c59",
      "needsInterop": false
    }
  },
  "chunks": {
    "chunk-5BRWUF3M": {
      "file": "chunk-5BRWUF3M.js"
    },
    "chunk-YJFJI4Y6": {
      "file": "chunk-YJFJI4Y6.js"
    }
  }
}