{
  "hash": "41c224b2",
  "configHash": "010807dc",
  "lockfileHash": "c3323cbb",
  "browserHash": "aad0478c",
  "optimized": {
    "@angular/core": {
      "src": "../../../../../../node_modules/@angular/core/fesm2022/core.mjs",
      "file": "@angular_core.js",
      "fileHash": "020e0ff4",
      "needsInterop": false
    },
    "@angular/forms": {
      "src": "../../../../../../node_modules/@angular/forms/fesm2022/forms.mjs",
      "file": "@angular_forms.js",
      "fileHash": "717d46b5",
      "needsInterop": false
    },
    "@angular/platform-browser": {
      "src": "../../../../../../node_modules/@angular/platform-browser/fesm2022/platform-browser.mjs",
      "file": "@angular_platform-browser.js",
      "fileHash": "c90b01de",
      "needsInterop": false
    },
    "@angular/router": {
      "src": "../../../../../../node_modules/@angular/router/fesm2022/router.mjs",
      "file": "@angular_router.js",
      "fileHash": "e4c6ed93",
      "needsInterop": false
    }
  },
  "chunks": {
    "chunk-Y546BG7K": {
      "file": "chunk-Y546BG7K.js"
    },
    "chunk-VJPMOY72": {
      "file": "chunk-VJPMOY72.js"
    },
    "chunk-SXHOZHTL": {
      "file": "chunk-SXHOZHTL.js"
    }
  }
}